Workbook

Sheet schedule
A1: DO NOT ENTER
A2: Encoded result
B3: Mon | C3: Tue | D3: Wed | E3: Thur | F3: Fri | G3: Sat | H3: Sun | I3: Mon | J3: Tue | K3: Wed | L3: Thur | M3: Fri | N3: Sat | O3: Sun | P3: Mon | Q3: Tue | R3: Wed | S3: Thur | T3: Fri | U3: Sat | V3: Sun | W3: Mon | X3: Tue | Y3: Wed | Z3: Thur | AA3: Fri | AB3: Sat | AC3: Sun | AF3: Weekend
B4: 1 | C4: 2 | D4: 3 | E4: 4 | F4: 5 | G4: 6 | H4: 7 | I4: 8 | J4: 9 | K4: 10 | L4: 11 | M4: 12 | N4: 13 | O4: 14 | P4: 15 | Q4: 16 | R4: 17 | S4: 18 | T4: 19 | U4: 20 | V4: 21 | W4: 22 | X4: 23 | Y4: 24 | Z4: 25 | AA4: 26 | AB4: 27 | AC4: 28 | AF4: Public holiday
A5: Staff 1 | B5: {=week_1!A1:G9} -> 5 | C5: 5 | D5: 2 | E5: 6 | F5: 1 | G5: 5 | H5: 1 | I5: {=week_2!A1:G9} -> 2 | J5: 5 | K5: 2 | L5: 2 | M5: 2 | N5: 6 | O5: 2 | P5: {=week_3!A1:G9} -> 2 | Q5: 2 | R5: 5 | S5: 5 | T5: 6 | U5: 2 | V5: 2 | W5: {=week_4!A1:G9} -> 5 | X5: 5 | Y5: 2 | Z5: 2 | AA5: 5 | AB5: 6 | AC5: 2
A6: Staff 2 | B6: 4 | C6: 6 | D6: 2 | E6: 1 | F6: 3 | G6: 5 | H6: 4 | I6: 2 | J6: 2 | K6: 5 | L6: 5 | M6: 2 | N6: 2 | O6: 6 | P6: 5 | Q6: 7 | R6: 7 | S6: 2 | T6: 5 | U6: 2 | V6: 6 | W6: 5 | X6: 7 | Y6: 7 | Z6: 2 | AA6: 2 | AB6: 6 | AC6: 2
A7: Staff 3 | B7: 1 | C7: 1 | D7: 1 | E7: 6 | F7: 3 | G7: 1 | H7: 4 | I7: 2 | J7: 2 | K7: 6 | L7: 2 | M7: 2 | N7: 2 | O7: 2 | P7: 6 | Q7: 7 | R7: 7 | S7: 2 | T7: 5 | U7: 2 | V7: 5 | W7: 6 | X7: 7 | Y7: 7 | Z7: 2 | AA7: 5 | AB7: 5 | AC7: 2
A8: Staff 4 | B8: 6 | C8: 2 | D8: 5 | E8: 2 | F8: 5 | G8: 2 | H8: 2 | I8: 2 | J8: 2 | K8: 2 | L8: 5 | M8: 5 | N8: 6 | O8: 2 | P8: 5 | Q8: 7 | R8: 7 | S8: 6 | T8: 2 | U8: 2 | V8: 5 | W8: 2 | X8: 7 | Y8: 7 | Z8: 2 | AA8: 5 | AB8: 2 | AC8: 6
A9: Staff 5 | B9: 3 | C9: 4 | D9: 1 | E9: 4 | F9: 6 | G9: 2 | H9: 2 | I9: 4 | J9: 4 | K9: 3 | L9: 1 | M9: 4 | N9: 4 | O9: 6 | P9: 2 | Q9: 2 | R9: 2 | S9: 2 | T9: 2 | U9: 5 | V9: 6 | W9: 2 | X9: 5 | Y9: 2 | Z9: 6 | AA9: 2 | AB9: 2 | AC9: 5
A10: Staff 6 | B10: 6 | C10: 2 | D10: 5 | E10: 2 | F10: 5 | G10: 2 | H10: 5 | I10: 2 | J10: 6 | K10: 2 | L10: 2 | M10: 2 | N10: 5 | O10: 5 | P10: 2 | Q10: 5 | R10: 2 | S10: 2 | T10: 5 | U10: 5 | V10: 6 | W10: 2 | X10: 2 | Y10: 2 | Z10: 5 | AA10: 2 | AB10: 5 | AC10: 6
A11: Staff 7 | B11: 4 | C11: 2 | D11: 1 | E11: 4 | F11: 1 | G11: 3 | H11: 6 | I11: 6 | J11: 2 | K11: 4 | L11: 4 | M11: 2 | N11: 2 | O11: 4 | P11: 5 | Q11: 5 | R11: 2 | S11: 5 | T11: 2 | U11: 5 | V11: 5 | W11: 2 | X11: 2 | Y11: 5 | Z11: 5 | AA11: 6 | AB11: 2 | AC11: 5
A12: Staff 8 | B12: 1 | C12: 5 | D12: 4 | E12: 3 | F12: 1 | G12: 4 | H12: 6 | I12: 4 | J12: 5 | K12: 6 | L12: 2 | M12: 2 | N12: 5 | O12: 5 | P12: 2 | Q12: 2 | R12: 5 | S12: 5 | T12: 6 | U12: 2 | V12: 2 | W12: 5 | X12: 2 | Y12: 5 | Z12: 5 | AA12: 6 | AB12: 2 | AC12: 2
A13: Staff 9 | B13: 1 | C13: 5 | D13: 2 | E13: 4 | F13: 5 | G13: 6 | H13: 3 | I13: 4 | J13: 2 | K13: 4 | L13: 2 | M13: 5 | N13: 1 | O13: 6 | P13: 6 | Q13: 7 | R13: 7 | S13: 2 | T13: 2 | U13: 2 | V13: 2 | W13: 6 | X13: 7 | Y13: 7 | Z13: 2 | AA13: 2 | AB13: 5 | AC13: 5
A15: DO NOT ENTER
A16: Decoded result
B17: Mon | C17: Tue | D17: Wed | E17: Thur | F17: Fri | G17: Sat | H17: Sun | I17: Mon | J17: Tue | K17: Wed | L17: Thur | M17: Fri | N17: Sat | O17: Sun | P17: Mon | Q17: Tue | R17: Wed | S17: Thur | T17: Fri | U17: Sat | V17: Sun | W17: Mon | X17: Tue | Y17: Wed | Z17: Thur | AA17: Fri | AB17: Sat | AC17: Sun
B18: 1 | C18: 2 | D18: 3 | E18: 4 | F18: 5 | G18: 6 | H18: 7 | I18: 8 | J18: 9 | K18: 10 | L18: 11 | M18: 12 | N18: 13 | O18: 14 | P18: 15 | Q18: 16 | R18: 17 | S18: 18 | T18: 19 | U18: 20 | V18: 21 | W18: 22 | X18: 23 | Y18: 24 | Z18: 25 | AA18: 26 | AB18: 27 | AC18: 28
A19: Staff 1 | B19: =_xlfn.XLOOKUP(B5,parameters!$B:$B,parameters!$A:$A) -> A2 | C19: =_xlfn.XLOOKUP(C5,parameters!$B:$B,parameters!$A:$A) -> A2 | D19: =_xlfn.XLOOKUP(D5,parameters!$B:$B,parameters!$A:$A) -> M2 | E19: =_xlfn.XLOOKUP(E5,parameters!$B:$B,parameters!$A:$A) -> DO | F19: =_xlfn.XLOOKUP(F5,parameters!$B:$B,parameters!$A:$A) -> M1 | G19: =_xlfn.XLOOKUP(G5,parameters!$B:$B,parameters!$A:$A) -> A2 | H19: =_xlfn.XLOOKUP(H5,parameters!$B:$B,parameters!$A:$A) -> M1 | I19: =_xlfn.XLOOKUP(I5,parameters!$B:$B,parameters!$A:$A) -> M2 | ... AC19: =_xlfn.XLOOKUP(AC5,parameters!$B:$B,parameters!$A:$A) -> M2
A20: Staff 2 | B20: =_xlfn.XLOOKUP(B6,parameters!$B:$B,parameters!$A:$A) -> A1 | C20: =_xlfn.XLOOKUP(C6,parameters!$B:$B,parameters!$A:$A) -> DO | D20: =_xlfn.XLOOKUP(D6,parameters!$B:$B,parameters!$A:$A) -> M2 | E20: =_xlfn.XLOOKUP(E6,parameters!$B:$B,parameters!$A:$A) -> M1 | F20: =_xlfn.XLOOKUP(F6,parameters!$B:$B,parameters!$A:$A) -> M3 | G20: =_xlfn.XLOOKUP(G6,parameters!$B:$B,parameters!$A:$A) -> A2 | H20: =_xlfn.XLOOKUP(H6,parameters!$B:$B,parameters!$A:$A) -> A1 | I20: =_xlfn.XLOOKUP(I6,parameters!$B:$B,parameters!$A:$A) -> M2 | ... AC20: =_xlfn.XLOOKUP(AC6,parameters!$B:$B,parameters!$A:$A) -> M2
A21: Staff 3 | B21: =_xlfn.XLOOKUP(B7,parameters!$B:$B,parameters!$A:$A) -> M1 | C21: =_xlfn.XLOOKUP(C7,parameters!$B:$B,parameters!$A:$A) -> M1 | D21: =_xlfn.XLOOKUP(D7,parameters!$B:$B,parameters!$A:$A) -> M1 | E21: =_xlfn.XLOOKUP(E7,parameters!$B:$B,parameters!$A:$A) -> DO | F21: =_xlfn.XLOOKUP(F7,parameters!$B:$B,parameters!$A:$A) -> M3 | G21: =_xlfn.XLOOKUP(G7,parameters!$B:$B,parameters!$A:$A) -> M1 | H21: =_xlfn.XLOOKUP(H7,parameters!$B:$B,parameters!$A:$A) -> A1 | I21: =_xlfn.XLOOKUP(I7,parameters!$B:$B,parameters!$A:$A) -> M2 | ... AC21: =_xlfn.XLOOKUP(AC7,parameters!$B:$B,parameters!$A:$A) -> M2
A22: Staff 4 | B22: =_xlfn.XLOOKUP(B8,parameters!$B:$B,parameters!$A:$A) -> DO | C22: =_xlfn.XLOOKUP(C8,parameters!$B:$B,parameters!$A:$A) -> M2 | D22: =_xlfn.XLOOKUP(D8,parameters!$B:$B,parameters!$A:$A) -> A2 | E22: =_xlfn.XLOOKUP(E8,parameters!$B:$B,parameters!$A:$A) -> M2 | F22: =_xlfn.XLOOKUP(F8,parameters!$B:$B,parameters!$A:$A) -> A2 | G22: =_xlfn.XLOOKUP(G8,parameters!$B:$B,parameters!$A:$A) -> M2 | H22: =_xlfn.XLOOKUP(H8,parameters!$B:$B,parameters!$A:$A) -> M2 | I22: =_xlfn.XLOOKUP(I8,parameters!$B:$B,parameters!$A:$A) -> M2 | ... AC22: =_xlfn.XLOOKUP(AC8,parameters!$B:$B,parameters!$A:$A) -> DO
A23: Staff 5 | B23: =_xlfn.XLOOKUP(B9,parameters!$B:$B,parameters!$A:$A) -> M3 | C23: =_xlfn.XLOOKUP(C9,parameters!$B:$B,parameters!$A:$A) -> A1 | D23: =_xlfn.XLOOKUP(D9,parameters!$B:$B,parameters!$A:$A) -> M1 | E23: =_xlfn.XLOOKUP(E9,parameters!$B:$B,parameters!$A:$A) -> A1 | F23: =_xlfn.XLOOKUP(F9,parameters!$B:$B,parameters!$A:$A) -> DO | G23: =_xlfn.XLOOKUP(G9,parameters!$B:$B,parameters!$A:$A) -> M2 | H23: =_xlfn.XLOOKUP(H9,parameters!$B:$B,parameters!$A:$A) -> M2 | I23: =_xlfn.XLOOKUP(I9,parameters!$B:$B,parameters!$A:$A) -> A1 | ... AC23: =_xlfn.XLOOKUP(AC9,parameters!$B:$B,parameters!$A:$A) -> A2
A24: Staff 6 | B24: =_xlfn.XLOOKUP(B10,parameters!$B:$B,parameters!$A:$A) -> DO | C24: =_xlfn.XLOOKUP(C10,parameters!$B:$B,parameters!$A:$A) -> M2 | D24: =_xlfn.XLOOKUP(D10,parameters!$B:$B,parameters!$A:$A) -> A2 | E24: =_xlfn.XLOOKUP(E10,parameters!$B:$B,parameters!$A:$A) -> M2 | F24: =_xlfn.XLOOKUP(F10,parameters!$B:$B,parameters!$A:$A) -> A2 | G24: =_xlfn.XLOOKUP(G10,parameters!$B:$B,parameters!$A:$A) -> M2 | H24: =_xlfn.XLOOKUP(H10,parameters!$B:$B,parameters!$A:$A) -> A2 | I24: =_xlfn.XLOOKUP(I10,parameters!$B:$B,parameters!$A:$A) -> M2 | ... AC24: =_xlfn.XLOOKUP(AC10,parameters!$B:$B,parameters!$A:$A) -> DO
A25: Staff 7 | B25: =_xlfn.XLOOKUP(B11,parameters!$B:$B,parameters!$A:$A) -> A1 | C25: =_xlfn.XLOOKUP(C11,parameters!$B:$B,parameters!$A:$A) -> M2 | D25: =_xlfn.XLOOKUP(D11,parameters!$B:$B,parameters!$A:$A) -> M1 | E25: =_xlfn.XLOOKUP(E11,parameters!$B:$B,parameters!$A:$A) -> A1 | F25: =_xlfn.XLOOKUP(F11,parameters!$B:$B,parameters!$A:$A) -> M1 | G25: =_xlfn.XLOOKUP(G11,parameters!$B:$B,parameters!$A:$A) -> M3 | H25: =_xlfn.XLOOKUP(H11,parameters!$B:$B,parameters!$A:$A) -> DO | I25: =_xlfn.XLOOKUP(I11,parameters!$B:$B,parameters!$A:$A) -> DO | ... AC25: =_xlfn.XLOOKUP(AC11,parameters!$B:$B,parameters!$A:$A) -> A2
A26: Staff 8 | B26: =_xlfn.XLOOKUP(B12,parameters!$B:$B,parameters!$A:$A) -> M1 | C26: =_xlfn.XLOOKUP(C12,parameters!$B:$B,parameters!$A:$A) -> A2 | D26: =_xlfn.XLOOKUP(D12,parameters!$B:$B,parameters!$A:$A) -> A1 | E26: =_xlfn.XLOOKUP(E12,parameters!$B:$B,parameters!$A:$A) -> M3 | F26: =_xlfn.XLOOKUP(F12,parameters!$B:$B,parameters!$A:$A) -> M1 | G26: =_xlfn.XLOOKUP(G12,parameters!$B:$B,parameters!$A:$A) -> A1 | H26: =_xlfn.XLOOKUP(H12,parameters!$B:$B,parameters!$A:$A) -> DO | I26: =_xlfn.XLOOKUP(I12,parameters!$B:$B,parameters!$A:$A) -> A1 | ... AC26: =_xlfn.XLOOKUP(AC12,parameters!$B:$B,parameters!$A:$A) -> M2
A27: Staff 9 | B27: =_xlfn.XLOOKUP(B13,parameters!$B:$B,parameters!$A:$A) -> M1 | C27: =_xlfn.XLOOKUP(C13,parameters!$B:$B,parameters!$A:$A) -> A2 | D27: =_xlfn.XLOOKUP(D13,parameters!$B:$B,parameters!$A:$A) -> M2 | E27: =_xlfn.XLOOKUP(E13,parameters!$B:$B,parameters!$A:$A) -> A1 | F27: =_xlfn.XLOOKUP(F13,parameters!$B:$B,parameters!$A:$A) -> A2 | G27: =_xlfn.XLOOKUP(G13,parameters!$B:$B,parameters!$A:$A) -> DO | H27: =_xlfn.XLOOKUP(H13,parameters!$B:$B,parameters!$A:$A) -> M3 | I27: =_xlfn.XLOOKUP(I13,parameters!$B:$B,parameters!$A:$A) -> A1 | ... AC27: =_xlfn.XLOOKUP(AC13,parameters!$B:$B,parameters!$A:$A) -> A2
A29: DO NOT ENTER
A30: Coverage statistics
A31: All AM Shift | B31: =SUM(B33,B35,B37) -> 4 | C31: =SUM(C33,C35,C37) -> 4 | D31: =SUM(D33,D35,D37) -> 6 | E31: =SUM(E33,E35,E37) -> 4 | F31: =SUM(F33,F35,F37) -> 5 | G31: =SUM(G33,G35,G37) -> 5 | H31: =SUM(H33,H35,H37) -> 4 | I31: =SUM(I33,I35,I37) -> 5 | ... AC31: =SUM(AC33,AC35,AC37) -> 4
A32: All PM Shift | B32: =SUM(B34,B36,B38) -> 3 | C32: =SUM(C34,C36,C38) -> 4 | D32: =SUM(D34,D36,D38) -> 3 | E32: =SUM(E34,E36,E38) -> 3 | F32: =SUM(F34,F36,F38) -> 3 | G32: =SUM(G34,G36,G38) -> 3 | H32: =SUM(H34,H36,H38) -> 3 | I32: =SUM(I34,I36,I38) -> 3 | ... AC32: =SUM(AC34,AC36,AC38) -> 3
A33: AM - AG1 | B33: {=SUMPRODUCT((B19:B22={"M1","M2","M3"})*1)} -> 1 | C33: {=SUMPRODUCT((C19:C22={"M1","M2","M3"})*1)} -> 2 | D33: {=SUMPRODUCT((D19:D22={"M1","M2","M3"})*1)} -> 3 | E33: {=SUMPRODUCT((E19:E22={"M1","M2","M3"})*1)} -> 2 | F33: {=SUMPRODUCT((F19:F22={"M1","M2","M3"})*1)} -> 3 | G33: {=SUMPRODUCT((G19:G22={"M1","M2","M3"})*1)} -> 2 | H33: {=SUMPRODUCT((H19:H22={"M1","M2","M3"})*1)} -> 2 | I33: {=SUMPRODUCT((I19:I22={"M1","M2","M3"})*1)} -> 4 | ... AC33: {=SUMPRODUCT((AC19:AC22={"M1","M2","M3"})*1)} -> 3
A34: PM - AG1 | B34: {=SUMPRODUCT((B19:B22={"A1","A2"})*1)} -> 2 | C34: {=SUMPRODUCT((C19:C22={"A1","A2"})*1)} -> 1 | D34: {=SUMPRODUCT((D19:D22={"A1","A2"})*1)} -> 1 | E34: {=SUMPRODUCT((E19:E22={"A1","A2"})*1)} -> 0 | F34: {=SUMPRODUCT((F19:F22={"A1","A2"})*1)} -> 1 | G34: {=SUMPRODUCT((G19:G22={"A1","A2"})*1)} -> 2 | H34: {=SUMPRODUCT((H19:H22={"A1","A2"})*1)} -> 2 | I34: {=SUMPRODUCT((I19:I22={"A1","A2"})*1)} -> 0 | ... AC34: {=SUMPRODUCT((AC19:AC22={"A1","A2"})*1)} -> 0
A35: AM - AG2 | B35: {=SUMPRODUCT((B25:B27={"M1","M2","M3"})*1)} -> 2 | C35: {=SUMPRODUCT((C25:C27={"M1","M2","M3"})*1)} -> 1 | D35: {=SUMPRODUCT((D25:D27={"M1","M2","M3"})*1)} -> 2 | E35: {=SUMPRODUCT((E25:E27={"M1","M2","M3"})*1)} -> 1 | F35: {=SUMPRODUCT((F25:F27={"M1","M2","M3"})*1)} -> 2 | G35: {=SUMPRODUCT((G25:G27={"M1","M2","M3"})*1)} -> 1 | H35: {=SUMPRODUCT((H25:H27={"M1","M2","M3"})*1)} -> 1 | I35: {=SUMPRODUCT((I25:I27={"M1","M2","M3"})*1)} -> 0 | ... AC35: {=SUMPRODUCT((AC25:AC27={"M1","M2","M3"})*1)} -> 1
A36: PM - AG2 | B36: {=SUMPRODUCT((B25:B27={"A1","A2"})*1)} -> 1 | C36: {=SUMPRODUCT((C25:C27={"A1","A2"})*1)} -> 2 | D36: {=SUMPRODUCT((D25:D27={"A1","A2"})*1)} -> 1 | E36: {=SUMPRODUCT((E25:E27={"A1","A2"})*1)} -> 2 | F36: {=SUMPRODUCT((F25:F27={"A1","A2"})*1)} -> 1 | G36: {=SUMPRODUCT((G25:G27={"A1","A2"})*1)} -> 1 | H36: {=SUMPRODUCT((H25:H27={"A1","A2"})*1)} -> 0 | I36: {=SUMPRODUCT((I25:I27={"A1","A2"})*1)} -> 2 | ... AC36: {=SUMPRODUCT((AC25:AC27={"A1","A2"})*1)} -> 2
A37: AM - AG3 | B37: {=SUMPRODUCT((B23:B24={"M1","M2","M3"})*1)} -> 1 | C37: {=SUMPRODUCT((C23:C24={"M1","M2","M3"})*1)} -> 1 | D37: {=SUMPRODUCT((D23:D24={"M1","M2","M3"})*1)} -> 1 | E37: {=SUMPRODUCT((E23:E24={"M1","M2","M3"})*1)} -> 1 | F37: {=SUMPRODUCT((F23:F24={"M1","M2","M3"})*1)} -> 0 | G37: {=SUMPRODUCT((G23:G24={"M1","M2","M3"})*1)} -> 2 | H37: {=SUMPRODUCT((H23:H24={"M1","M2","M3"})*1)} -> 1 | I37: {=SUMPRODUCT((I23:I24={"M1","M2","M3"})*1)} -> 1 | ... AC37: {=SUMPRODUCT((AC23:AC24={"M1","M2","M3"})*1)} -> 0
A38: PM - AG3 | B38: {=SUMPRODUCT((B23:B24={"A1","A2"})*1)} -> 0 | C38: {=SUMPRODUCT((C23:C24={"A1","A2"})*1)} -> 1 | D38: {=SUMPRODUCT((D23:D24={"A1","A2"})*1)} -> 1 | E38: {=SUMPRODUCT((E23:E24={"A1","A2"})*1)} -> 1 | F38: {=SUMPRODUCT((F23:F24={"A1","A2"})*1)} -> 1 | G38: {=SUMPRODUCT((G23:G24={"A1","A2"})*1)} -> 0 | H38: {=SUMPRODUCT((H23:H24={"A1","A2"})*1)} -> 1 | I38: {=SUMPRODUCT((I23:I24={"A1","A2"})*1)} -> 1 | ... AC38: {=SUMPRODUCT((AC23:AC24={"A1","A2"})*1)} -> 1

Sheet parameters
A1: Name | B1: Shift | C1: Duration
A2: M1 | B2: 1 | C2: 8
A3: M2 | B3: 2 | C3: 7
A4: M3 | B4: 3 | C4: 4
A5: A1 | B5: 4 | C5: 8
A6: A2 | B6: 5 | C6: 7
A7: DO | B7: 6 | C7: 0
A8: PH | B8: 7 | C8: 8

Sheet week_1
A1: 5 | B1: 5 | C1: 2 | D1: 6 | E1: 1 | F1: 5 | G1: 1
A2: 4 | B2: 6 | C2: 2 | D2: 1 | E2: 3 | F2: 5 | G2: 4
A3: 1 | B3: 1 | C3: 1 | D3: 6 | E3: 3 | F3: 1 | G3: 4
A4: 6 | B4: 2 | C4: 5 | D4: 2 | E4: 5 | F4: 2 | G4: 2
A5: 3 | B5: 4 | C5: 1 | D5: 4 | E5: 6 | F5: 2 | G5: 2
A6: 6 | B6: 2 | C6: 5 | D6: 2 | E6: 5 | F6: 2 | G6: 5
A7: 4 | B7: 2 | C7: 1 | D7: 4 | E7: 1 | F7: 3 | G7: 6
A8: 1 | B8: 5 | C8: 4 | D8: 3 | E8: 1 | F8: 4 | G8: 6
A9: 1 | B9: 5 | C9: 2 | D9: 4 | E9: 5 | F9: 6 | G9: 3

Sheet week_2
A1: 2 | B1: 5 | C1: 2 | D1: 2 | E1: 2 | F1: 6 | G1: 2
A2: 2 | B2: 2 | C2: 5 | D2: 5 | E2: 2 | F2: 2 | G2: 6
A3: 2 | B3: 2 | C3: 6 | D3: 2 | E3: 2 | F3: 2 | G3: 2
A4: 2 | B4: 2 | C4: 2 | D4: 5 | E4: 5 | F4: 6 | G4: 2
A5: 4 | B5: 4 | C5: 3 | D5: 1 | E5: 4 | F5: 4 | G5: 6
A6: 2 | B6: 6 | C6: 2 | D6: 2 | E6: 2 | F6: 5 | G6: 5
A7: 6 | B7: 2 | C7: 4 | D7: 4 | E7: 2 | F7: 2 | G7: 4
A8: 4 | B8: 5 | C8: 6 | D8: 2 | E8: 2 | F8: 5 | G8: 5
A9: 4 | B9: 2 | C9: 4 | D9: 2 | E9: 5 | F9: 1 | G9: 6

Sheet week_3
A1: 2 | B1: 2 | C1: 5 | D1: 5 | E1: 6 | F1: 2 | G1: 2
A2: 5 | B2: 7 | C2: 7 | D2: 2 | E2: 5 | F2: 2 | G2: 6
A3: 6 | B3: 7 | C3: 7 | D3: 2 | E3: 5 | F3: 2 | G3: 5
A4: 5 | B4: 7 | C4: 7 | D4: 6 | E4: 2 | F4: 2 | G4: 5
A5: 2 | B5: 2 | C5: 2 | D5: 2 | E5: 2 | F5: 5 | G5: 6
A6: 2 | B6: 5 | C6: 2 | D6: 2 | E6: 5 | F6: 5 | G6: 6
A7: 5 | B7: 5 | C7: 2 | D7: 5 | E7: 2 | F7: 5 | G7: 5
A8: 2 | B8: 2 | C8: 5 | D8: 5 | E8: 6 | F8: 2 | G8: 2
A9: 6 | B9: 7 | C9: 7 | D9: 2 | E9: 2 | F9: 2 | G9: 2

Sheet week_4
A1: 5 | B1: 5 | C1: 2 | D1: 2 | E1: 5 | F1: 6 | G1: 2
A2: 5 | B2: 7 | C2: 7 | D2: 2 | E2: 2 | F2: 6 | G2: 2
A3: 6 | B3: 7 | C3: 7 | D3: 2 | E3: 5 | F3: 5 | G3: 2
A4: 2 | B4: 7 | C4: 7 | D4: 2 | E4: 5 | F4: 2 | G4: 6
A5: 2 | B5: 5 | C5: 2 | D5: 6 | E5: 2 | F5: 2 | G5: 5
A6: 2 | B6: 2 | C6: 2 | D6: 5 | E6: 2 | F6: 5 | G6: 6
A7: 2 | B7: 2 | C7: 5 | D7: 5 | E7: 6 | F7: 2 | G7: 5
A8: 5 | B8: 2 | C8: 5 | D8: 5 | E8: 6 | F8: 2 | G8: 2
A9: 6 | B9: 7 | C9: 7 | D9: 2 | E9: 2 | F9: 5 | G9: 5
